Name,No,Date(UTC),Date(Ko),no_month,Year,Month,YM,Date,Day,Day_num,Time,Minute,Second,URL,Tags,Image,Link,Reply,Retweet,Favorite,Lang,Retweeted,Page
wonsoonpark,1,2017-06-01 15:31,2017-06-02,1 ,2017 ,6 ,201706 ,2 ,금,6 ,12 ,31 ,11 ,1 ,0 ,0 ,1 ,0 ,0 ,910,ko,702,https://twitter.com/wonsoonpark/status/870301707925831684
wonsoonpark,2,2017-06-01 21:58,2017-06-02,,2017 ,6 ,201706 ,2 ,금,6 ,6 ,58 ,13 ,1 ,0 ,0 ,1 ,0 ,0 ,2100,ko,1934,https://twitter.com/wonsoonpark/status/870399108430745600
wonsoonpark,3,2017-06-05 9:41,2017-06-05,,2017 ,6 ,201706 ,5 ,월,2 ,18 ,41 ,47 ,0 ,0 ,1 ,0 ,0 ,0 ,386,ko,797,https://twitter.com/wonsoonpark/status/871663332385628162
wonsoonpark,4,2017-06-07 5:39,2017-06-07,,2017 ,6 ,201706 ,7 ,수,4 ,14 ,39 ,45 ,1 ,0 ,0 ,1 ,0 ,0 ,708,ko,689,https://twitter.com/wonsoonpark/status/872327195905204224
wonsoonpark,5,2017-06-07 23:29,2017-06-08,,2017 ,6 ,201706 ,8 ,목,5 ,8 ,29 ,59 ,0 ,0 ,1 ,0 ,0 ,0 ,515,ko,284,https://twitter.com/wonsoonpark/status/872596528644317188
wonsoonpark,6,2017-06-16 9:12,2017-06-16,,2017 ,6 ,201706 ,16 ,금,6 ,18 ,12 ,23 ,0 ,0 ,0 ,1 ,0 ,0 ,177,ko,83,https://twitter.com/wonsoonpark/status/875642197403615235
wonsoonpark,7,2017-06-16 10:11,2017-06-16,,2017 ,6 ,201706 ,16 ,금,6 ,19 ,11 ,51 ,0 ,0 ,0 ,1 ,0 ,0 ,179,ko,81,https://twitter.com/wonsoonpark/status/875657164823568385
wonsoonpark,8,2017-06-17 5:06,2017-06-17,,2017 ,6 ,201706 ,17 ,토,7 ,14 ,6 ,51 ,0 ,0 ,0 ,1 ,0 ,0 ,122,ko,56,https://twitter.com/wonsoonpark/status/875942794665148418
wonsoonpark,9,2017-06-17 6:01,2017-06-17,,2017 ,6 ,201706 ,17 ,토,7 ,15 ,1 ,51 ,0 ,0 ,0 ,1 ,0 ,0 ,107,ko,74,https://twitter.com/wonsoonpark/status/875956636149403650
wonsoonpark,10,2017-06-17 7:01,2017-06-17,,2017 ,6 ,201706 ,17 ,토,7 ,16 ,1 ,50 ,0 ,0 ,0 ,1 ,0 ,0 ,105,ko,53,https://twitter.com/wonsoonpark/status/875971731994755072
wonsoonpark,11,2017-06-17 8:06,2017-06-17,,2017 ,6 ,201706 ,17 ,토,7 ,17 ,6 ,51 ,0 ,0 ,0 ,1 ,0 ,0 ,105,ko,41,https://twitter.com/wonsoonpark/status/875988096604557312
wonsoonpark,12,2017-06-19 13:25,2017-06-19,,2017 ,6 ,201706 ,19 ,월,2 ,22 ,25 ,19 ,0 ,1 ,1 ,0 ,0 ,0 ,1187,ko,453,https://twitter.com/wonsoonpark/status/876793013124583424
wonsoonpark,13,2017-06-22 6:20,2017-06-22,,2017 ,6 ,201706 ,22 ,목,5 ,15 ,20 ,49 ,1 ,0 ,0 ,1 ,0 ,0 ,787,ko,487,https://twitter.com/wonsoonpark/status/877773351854383104
wonsoonpark,14,2017-06-23 7:36,2017-06-23,,2017 ,6 ,201706 ,23 ,금,6 ,16 ,36 ,52 ,0 ,0 ,0 ,1 ,0 ,0 ,200,ko,104,https://twitter.com/wonsoonpark/status/878154877762912256
wonsoonpark,15,2017-06-23 8:16,2017-06-23,,2017 ,6 ,201706 ,23 ,금,6 ,17 ,16 ,52 ,0 ,0 ,0 ,1 ,0 ,0 ,130,ko,50,https://twitter.com/wonsoonpark/status/878164941823328257
wonsoonpark,16,2017-06-23 9:11,2017-06-23,,2017 ,6 ,201706 ,23 ,금,6 ,18 ,11 ,51 ,0 ,0 ,0 ,1 ,0 ,0 ,161,ko,61,https://twitter.com/wonsoonpark/status/878178778542780416
wonsoonpark,17,2017-06-29 7:11,2017-06-29,,2017 ,6 ,201706 ,29 ,목,5 ,16 ,11 ,29 ,0 ,0 ,0 ,1 ,0 ,0 ,201,ko,102,https://twitter.com/wonsoonpark/status/880322816502972416
wonsoonpark,18,2017-06-29 9:11,2017-06-29,,2017 ,6 ,201706 ,29 ,목,5 ,18 ,11 ,34 ,0 ,0 ,0 ,1 ,0 ,0 ,152,ko,68,https://twitter.com/wonsoonpark/status/880353035393814528
wonsoonpark,19,2017-07-05 8:21,2017-07-05,19 ,2017 ,7 ,201707 ,5 ,수,4 ,17 ,21 ,36 ,0 ,0 ,0 ,1 ,0 ,0 ,176,ko,96,https://twitter.com/wonsoonpark/status/882514788898570240
wonsoonpark,20,2017-07-05 9:11,2017-07-05,,2017 ,7 ,201707 ,5 ,수,4 ,18 ,11 ,36 ,0 ,0 ,0 ,1 ,0 ,0 ,108,ko,53,https://twitter.com/wonsoonpark/status/882527369117917185
wonsoonpark,21,2017-07-05 10:06,2017-07-05,,2017 ,7 ,201707 ,5 ,수,4 ,19 ,6 ,35 ,0 ,0 ,0 ,1 ,0 ,0 ,155,ko,60,https://twitter.com/wonsoonpark/status/882541207636787200
wonsoonpark,22,2017-07-05 23:45,2017-07-06,,2017 ,7 ,201707 ,6 ,목,5 ,8 ,45 ,33 ,1 ,0 ,0 ,1 ,0 ,0 ,1164,ko,1143,https://twitter.com/wonsoonpark/status/882747307107557376
wonsoonpark,23,2017-07-06 6:21,2017-07-06,,2017 ,7 ,201707 ,6 ,목,5 ,15 ,21 ,36 ,0 ,0 ,0 ,1 ,0 ,0 ,130,ko,72,https://twitter.com/wonsoonpark/status/882846976785620992
wonsoonpark,24,2017-07-06 7:11,2017-07-06,,2017 ,7 ,201707 ,6 ,목,5 ,16 ,11 ,36 ,0 ,0 ,0 ,1 ,0 ,0 ,130,ko,53,https://twitter.com/wonsoonpark/status/882859559303364608
wonsoonpark,25,2017-07-06 9:11,2017-07-06,,2017 ,7 ,201707 ,6 ,목,5 ,18 ,11 ,35 ,0 ,0 ,0 ,1 ,0 ,0 ,146,ko,68,https://twitter.com/wonsoonpark/status/882889753254780928
wonsoonpark,26,2017-07-07 8:04,2017-07-07,,2017 ,7 ,201707 ,7 ,금,6 ,17 ,4 ,55 ,1 ,0 ,0 ,1 ,0 ,0 ,333,ko,219,https://twitter.com/wonsoonpark/status/883235363619127296
wonsoonpark,27,2017-07-07 8:09,2017-07-07,,2017 ,7 ,201707 ,7 ,금,6 ,17 ,9 ,25 ,1 ,0 ,0 ,1 ,0 ,0 ,455,ko,344,https://twitter.com/wonsoonpark/status/883236499063324672
wonsoonpark,28,2017-07-09 2:22,2017-07-09,,2017 ,7 ,201707 ,9 ,일,1 ,11 ,22 ,32 ,0 ,0 ,1 ,0 ,0 ,0 ,1368,ko,506,https://twitter.com/wonsoonpark/status/883873978162401280
wonsoonpark,29,2017-07-12 2:39,2017-07-12,,2017 ,7 ,201707 ,12 ,수,4 ,11 ,39 ,51 ,0 ,0 ,1 ,0 ,0 ,0 ,509,ko,214,https://twitter.com/wonsoonpark/status/884965497380503553
wonsoonpark,30,2017-07-12 2:49,2017-07-12,,2017 ,7 ,201707 ,12 ,수,4 ,11 ,49 ,20 ,0 ,0 ,0 ,1 ,1 ,0 ,126,ko,28,https://twitter.com/wonsoonpark/status/884967886392918016
wonsoonpark,31,2017-07-13 6:11,2017-07-13,,2017 ,7 ,201707 ,13 ,목,5 ,15 ,11 ,35 ,0 ,0 ,0 ,1 ,0 ,0 ,131,ko,62,https://twitter.com/wonsoonpark/status/885381170564702208
wonsoonpark,32,2017-07-13 7:16,2017-07-13,,2017 ,7 ,201707 ,13 ,목,5 ,16 ,16 ,35 ,0 ,0 ,0 ,1 ,0 ,0 ,150,ko,73,https://twitter.com/wonsoonpark/status/885397529654837248
wonsoonpark,33,2017-07-13 8:06,2017-07-13,,2017 ,7 ,201707 ,13 ,목,5 ,17 ,6 ,38 ,0 ,0 ,0 ,1 ,0 ,0 ,162,ko,67,https://twitter.com/wonsoonpark/status/885410122951827457
wonsoonpark,34,2017-07-17 2:27,2017-07-17,,2017 ,7 ,201707 ,17 ,월,2 ,11 ,27 ,14 ,1 ,0 ,0 ,1 ,0 ,0 ,648,ko,506,https://twitter.com/wonsoonpark/status/886774265332121601
wonsoonpark,35,2017-07-23 5:46,2017-07-23,,2017 ,7 ,201707 ,23 ,일,1 ,14 ,46 ,15 ,0 ,0 ,1 ,0 ,0 ,0 ,391,ko,227,https://twitter.com/wonsoonpark/status/888998673270456320
wonsoonpark,36,2017-07-26 0:46,2017-07-26,,2017 ,7 ,201707 ,26 ,수,4 ,9 ,46 ,36 ,1 ,0 ,0 ,1 ,0 ,0 ,206,ko,133,https://twitter.com/wonsoonpark/status/890010426842398720
wonsoonpark,37,2017-07-26 3:02,2017-07-26,,2017 ,7 ,201707 ,26 ,수,4 ,24 ,2 ,56 ,1 ,0 ,0 ,1 ,0 ,0 ,630,ko,406,https://twitter.com/wonsoonpark/status/890044739671670784
wonsoonpark,38,2017-08-07 14:29,2017-08-07,38 ,2017 ,8 ,201708 ,7 ,월,2 ,23 ,29 ,6 ,1 ,0 ,0 ,1 ,0 ,0 ,150,ja,76,https://twitter.com/wonsoonpark/status/894566073604886528
wonsoonpark,39,2017-08-14 6:56,2017-08-14,,2017 ,8 ,201708 ,14 ,월,2 ,15 ,56 ,46 ,0 ,0 ,1 ,0 ,0 ,0 ,315,ko,274,https://twitter.com/wonsoonpark/status/896988952460091392
wonsoonpark,40,2017-08-14 11:26,2017-08-14,,2017 ,8 ,201708 ,14 ,월,2 ,20 ,26 ,26 ,1 ,0 ,0 ,1 ,0 ,0 ,469,ko,285,https://twitter.com/wonsoonpark/status/897056816751718401
wonsoonpark,41,2017-08-29 1:57,2017-08-29,,2017 ,8 ,201708 ,29 ,화,3 ,10 ,57 ,23 ,1 ,0 ,0 ,1 ,0 ,0 ,942,ko,1074,https://twitter.com/wonsoonpark/status/902349430971449344
wonsoonpark,42,2017-08-30 9:08,2017-08-30,,2017 ,8 ,201708 ,30 ,수,4 ,18 ,8 ,8 ,1 ,0 ,0 ,1 ,0 ,0 ,1476,ko,1181,https://twitter.com/wonsoonpark/status/902820218883280896
wonsoonpark,43,2017-09-01 22:22,2017-09-02,43 ,2017 ,9 ,201709 ,2 ,토,7 ,7 ,22 ,41 ,1 ,0 ,0 ,1 ,0 ,0 ,288,ko,206,https://twitter.com/wonsoonpark/status/903744951501991936
wonsoonpark,44,2017-09-05 9:25,2017-09-05,,2017 ,9 ,201709 ,5 ,화,3 ,18 ,25 ,13 ,1 ,0 ,1 ,0 ,0 ,0 ,241,ko,156,https://twitter.com/wonsoonpark/status/904998845423030273
wonsoonpark,45,2017-09-05 9:55,2017-09-05,,2017 ,9 ,201709 ,5 ,화,3 ,18 ,55 ,45 ,0 ,0 ,0 ,1 ,0 ,0 ,785,ko,613,https://twitter.com/wonsoonpark/status/905006528163221504
wonsoonpark,46,2017-09-06 14:30,2017-09-06,,2017 ,9 ,201709 ,6 ,수,4 ,23 ,30 ,6 ,0 ,0 ,1 ,0 ,0 ,0 ,3321,ko,2563,https://twitter.com/wonsoonpark/status/905437959918202881
wonsoonpark,47,2017-09-10 3:26,2017-09-10,,2017 ,9 ,201709 ,10 ,일,1 ,24 ,26 ,55 ,1 ,0 ,0 ,1 ,0 ,0 ,604,ko,376,https://twitter.com/wonsoonpark/status/906720617793064960
wonsoonpark,48,2017-09-10 15:46,2017-09-11,,2017 ,9 ,201709 ,11 ,월,2 ,12 ,46 ,52 ,0 ,0 ,1 ,0 ,0 ,0 ,723,ko,323,https://twitter.com/wonsoonpark/status/906906829208162304
wonsoonpark,49,2017-09-16 7:07,2017-09-16,,2017 ,9 ,201709 ,16 ,토,7 ,16 ,7 ,30 ,0 ,0 ,1 ,0 ,0 ,0 ,393,ko,198,https://twitter.com/wonsoonpark/status/908950456503738368
wonsoonpark,50,2017-09-17 2:48,2017-09-17,,2017 ,9 ,201709 ,17 ,일,1 ,11 ,48 ,57 ,0 ,0 ,1 ,0 ,0 ,0 ,1195,ko,452,https://twitter.com/wonsoonpark/status/909247776122220544
wonsoonpark,51,2017-09-19 14:06,2017-09-19,,2017 ,9 ,201709 ,19 ,화,3 ,23 ,6 ,17 ,1 ,0 ,0 ,1 ,0 ,0 ,2247,ko,2391,https://twitter.com/wonsoonpark/status/910143009789952000
wonsoonpark,52,2017-09-29 9:33,2017-09-29,,2017 ,9 ,201709 ,29 ,금,6 ,18 ,33 ,36 ,0 ,0 ,1 ,0 ,0 ,0 ,896,ko,530,https://twitter.com/wonsoonpark/status/913698265438154753
wonsoonpark,53,2017-09-30 14:03,2017-09-30,,2017 ,9 ,201709 ,30 ,토,7 ,23 ,3 ,24 ,1 ,0 ,0 ,1 ,0 ,0 ,1321,ko,1430,https://twitter.com/wonsoonpark/status/914128550080389120
wonsoonpark,54,2017-10-04 7:14,2017-10-04,54 ,2017 ,10 ,201710 ,4 ,수,4 ,16 ,14 ,47 ,0 ,0 ,1 ,0 ,0 ,0 ,2069,ko,1035,https://twitter.com/wonsoonpark/status/915475269120487424
wonsoonpark,55,2017-10-14 9:44,2017-10-14,,2017 ,10 ,201710 ,14 ,토,7 ,18 ,44 ,57 ,0 ,0 ,1 ,0 ,0 ,0 ,1178,ko,585,https://twitter.com/wonsoonpark/status/919136937163628544
wonsoonpark,56,2017-10-15 10:25,2017-10-15,,2017 ,10 ,201710 ,15 ,일,1 ,19 ,25 ,50 ,0 ,0 ,1 ,0 ,0 ,0 ,1317,ko,739,https://twitter.com/wonsoonpark/status/919509612885262336
wonsoonpark,57,2017-10-19 22:07,2017-10-20,,2017 ,10 ,201710 ,20 ,금,6 ,7 ,7 ,14 ,0 ,0 ,1 ,0 ,0 ,0 ,5244,ko,5073,https://twitter.com/wonsoonpark/status/921135678770921472
wonsoonpark,58,2017-10-20 12:11,2017-10-20,,2017 ,10 ,201710 ,20 ,금,6 ,21 ,11 ,54 ,1 ,0 ,0 ,1 ,0 ,0 ,651,ko,401,https://twitter.com/wonsoonpark/status/921348244797505536
wonsoonpark,59,2017-10-21 0:37,2017-10-21,,2017 ,10 ,201710 ,21 ,토,7 ,9 ,37 ,10 ,1 ,0 ,0 ,1 ,0 ,0 ,439,ko,262,https://twitter.com/wonsoonpark/status/921535800898076673
wonsoonpark,60,2017-10-24 5:35,2017-10-24,,2017 ,10 ,201710 ,24 ,화,3 ,14 ,35 ,58 ,1 ,0 ,0 ,1 ,0 ,0 ,295,ko,150,https://twitter.com/wonsoonpark/status/922698157330276352
wonsoonpark,61,2017-10-27 22:54,2017-10-28,,2017 ,10 ,201710 ,28 ,토,7 ,7 ,54 ,30 ,1 ,0 ,0 ,1 ,0 ,0 ,666,ko,618,https://twitter.com/wonsoonpark/status/924046678960717824
wonsoonpark,62,2017-10-28 11:22,2017-10-28,,2017 ,10 ,201710 ,28 ,토,7 ,20 ,22 ,30 ,0 ,0 ,1 ,0 ,0 ,0 ,1658,ko,987,https://twitter.com/wonsoonpark/status/924234916010737664
wonsoonpark,63,2017-10-31 4:10,2017-10-31,,2017 ,10 ,201710 ,31 ,화,3 ,13 ,10 ,33 ,1 ,0 ,0 ,1 ,0 ,0 ,542,ko,365,https://twitter.com/wonsoonpark/status/925213377919533056
wonsoonpark,64,2017-11-01 8:20,2017-11-01,64 ,2017 ,11 ,201711 ,1 ,수,4 ,17 ,20 ,38 ,0 ,0 ,0 ,1 ,0 ,0 ,886,ko,658,https://twitter.com/wonsoonpark/status/925638702662959104
wonsoonpark,65,2017-11-02 9:43,2017-11-02,,2017 ,11 ,201711 ,2 ,목,5 ,18 ,43 ,11 ,1 ,0 ,1 ,0 ,0 ,0 ,614,ko,499,https://twitter.com/wonsoonpark/status/926021863846768640
wonsoonpark,66,2017-11-03 10:09,2017-11-03,,2017 ,11 ,201711 ,3 ,금,6 ,19 ,9 ,7 ,1 ,0 ,1 ,0 ,0 ,0 ,620,ko,401,https://twitter.com/wonsoonpark/status/926390776203952133
wonsoonpark,67,2017-11-13 9:31,2017-11-13,,2017 ,11 ,201711 ,13 ,월,2 ,18 ,31 ,19 ,0 ,0 ,1 ,0 ,0 ,0 ,494,ko,336,https://twitter.com/wonsoonpark/status/930005144497991682
wonsoonpark,68,2017-11-15 2:18,2017-11-15,,2017 ,11 ,201711 ,15 ,수,4 ,11 ,18 ,55 ,1 ,0 ,0 ,1 ,0 ,0 ,392,ko,297,https://twitter.com/wonsoonpark/status/930621102497206272
wonsoonpark,69,2017-11-17 4:42,2017-11-17,,2017 ,11 ,201711 ,17 ,금,6 ,13 ,42 ,12 ,1 ,0 ,0 ,1 ,0 ,0 ,1503,ko,1127,https://twitter.com/wonsoonpark/status/931381934357229568
wonsoonpark,70,2017-11-18 23:03,2017-11-19,,2017 ,11 ,201711 ,19 ,일,1 ,8 ,3 ,1 ,0 ,0 ,1 ,0 ,0 ,0 ,754,ko,679,https://twitter.com/wonsoonpark/status/932021353284112384
wonsoonpark,71,2017-11-19 12:58,2017-11-19,,2017 ,11 ,201711 ,19 ,일,1 ,21 ,58 ,6 ,1 ,0 ,0 ,1 ,0 ,0 ,1258,ko,1002,https://twitter.com/wonsoonpark/status/932231509725003776
wonsoonpark,72,2017-11-22 8:27,2017-11-22,,2017 ,11 ,201711 ,22 ,수,4 ,17 ,27 ,13 ,0 ,1 ,1 ,0 ,0 ,0 ,984,ko,1037,https://twitter.com/wonsoonpark/status/933250500903845889
wonsoonpark,73,2017-11-23 3:16,2017-11-23,,2017 ,11 ,201711 ,23 ,목,5 ,24 ,16 ,46 ,1 ,0 ,0 ,1 ,0 ,0 ,481,ko,570,https://twitter.com/wonsoonpark/status/933534761640792064
wonsoonpark,74,2017-11-23 22:31,2017-11-24,,2017 ,11 ,201711 ,24 ,금,6 ,7 ,31 ,6 ,0 ,0 ,1 ,0 ,0 ,0 ,589,ko,616,https://twitter.com/wonsoonpark/status/933825262919213056
wonsoonpark,75,2017-11-26 5:14,2017-11-26,,2017 ,11 ,201711 ,26 ,일,1 ,14 ,14 ,49 ,0 ,0 ,1 ,0 ,0 ,0 ,726,ko,931,https://twitter.com/wonsoonpark/status/934651635011223552
wonsoonpark,76,2017-11-27 5:54,2017-11-27,,2017 ,11 ,201711 ,27 ,월,2 ,14 ,54 ,12 ,0 ,0 ,1 ,0 ,0 ,0 ,664,ko,914,https://twitter.com/wonsoonpark/status/935023934881144832
wonsoonpark,77,2017-11-28 7:31,2017-11-28,,2017 ,11 ,201711 ,28 ,화,3 ,16 ,31 ,37 ,0 ,0 ,1 ,0 ,0 ,0 ,1144,ko,1547,https://twitter.com/wonsoonpark/status/935410837983862784
wonsoonpark,78,2017-11-30 13:19,2017-11-30,,2017 ,11 ,201711 ,30 ,목,5 ,22 ,19 ,59 ,1 ,0 ,0 ,1 ,0 ,0 ,595,ko,923,https://twitter.com/wonsoonpark/status/936223280981188609
wonsoonpark,79,2017-12-02 3:17,2017-12-02,79 ,2017 ,12 ,201712 ,2 ,토,7 ,24 ,17 ,40 ,0 ,0 ,1 ,0 ,0 ,0 ,652,ko,769,https://twitter.com/wonsoonpark/status/936796479468879873
wonsoonpark,80,2017-12-04 0:37,2017-12-04,,2017 ,12 ,201712 ,4 ,월,2 ,9 ,37 ,20 ,0 ,0 ,1 ,0 ,0 ,0 ,403,ko,725,https://twitter.com/wonsoonpark/status/937480906675073024
wonsoonpark,81,2017-12-05 8:38,2017-12-05,,2017 ,12 ,201712 ,5 ,화,3 ,17 ,38 ,33 ,1 ,0 ,0 ,1 ,0 ,0 ,314,ko,605,https://twitter.com/wonsoonpark/status/937964395279163392
wonsoonpark,82,2017-12-06 7:16,2017-12-06,,2017 ,12 ,201712 ,6 ,수,4 ,16 ,16 ,3 ,1 ,1 ,1 ,0 ,0 ,0 ,35894,ko,19355,https://twitter.com/wonsoonpark/status/938306024452317184
wonsoonpark,83,2017-12-10 6:34,2017-12-10,,2017 ,12 ,201712 ,10 ,일,1 ,15 ,34 ,27 ,0 ,0 ,1 ,0 ,0 ,0 ,570,ko,633,https://twitter.com/wonsoonpark/status/939745103874179072
wonsoonpark,84,2017-12-11 1:25,2017-12-11,,2017 ,12 ,201712 ,11 ,월,2 ,10 ,25 ,6 ,0 ,1 ,1 ,0 ,0 ,0 ,334,ko,467,https://twitter.com/wonsoonpark/status/940029641774866433
wonsoonpark,85,2017-12-11 10:56,2017-12-11,,2017 ,12 ,201712 ,11 ,월,2 ,19 ,56 ,38 ,0 ,0 ,0 ,1 ,0 ,0 ,327,ko,473,https://twitter.com/wonsoonpark/status/940173473388806144
wonsoonpark,86,2017-12-11 13:54,2017-12-11,,2017 ,12 ,201712 ,11 ,월,2 ,22 ,54 ,18 ,1 ,0 ,0 ,1 ,0 ,0 ,755,ko,774,https://twitter.com/wonsoonpark/status/940218184635883520
wonsoonpark,87,2017-12-11 23:11,2017-12-12,,2017 ,12 ,201712 ,12 ,화,3 ,8 ,11 ,39 ,0 ,0 ,0 ,1 ,0 ,0 ,372,ko,553,https://twitter.com/wonsoonpark/status/940358446364344323
wonsoonpark,88,2017-12-13 7:12,2017-12-13,,2017 ,12 ,201712 ,13 ,수,4 ,16 ,12 ,54 ,1 ,1 ,1 ,0 ,0 ,0 ,161077,ko,53415,https://twitter.com/wonsoonpark/status/940841945227845632
wonsoonpark,89,2017-12-18 15:07,2017-12-19,,2017 ,12 ,201712 ,19 ,화,3 ,12 ,7 ,6 ,1 ,0 ,0 ,1 ,0 ,0 ,880,ko,858,https://twitter.com/wonsoonpark/status/942773222474358787
wonsoonpark,90,2017-12-20 7:25,2017-12-20,,2017 ,12 ,201712 ,20 ,수,4 ,16 ,25 ,47 ,0 ,0 ,1 ,0 ,0 ,0 ,205,ko,188,https://twitter.com/wonsoonpark/status/943381903415042048
wonsoonpark,91,2017-12-20 9:04,2017-12-20,,2017 ,12 ,201712 ,20 ,수,4 ,18 ,4 ,57 ,0 ,1 ,1 ,0 ,0 ,0 ,172,ko,157,https://twitter.com/wonsoonpark/status/943406858500415488
wonsoonpark,92,2017-12-20 9:04,2017-12-20,,2017 ,12 ,201712 ,20 ,수,4 ,18 ,4 ,59 ,1 ,0 ,0 ,1 ,1 ,0 ,96,ko,128,https://twitter.com/wonsoonpark/status/943406865618055168
wonsoonpark,93,2017-12-21 23:19,2017-12-22,,2017 ,12 ,201712 ,22 ,금,6 ,8 ,19 ,56 ,0 ,0 ,1 ,0 ,0 ,0 ,787,ko,1026,https://twitter.com/wonsoonpark/status/943984411027972096
wonsoonpark,94,2017-12-24 17:32,2017-12-25,,2017 ,12 ,201712 ,25 ,월,2 ,2 ,32 ,44 ,0 ,0 ,1 ,0 ,0 ,0 ,547,ko,290,https://twitter.com/wonsoonpark/status/944984197906571264
wonsoonpark,95,2017-12-25 9:55,2017-12-25,,2017 ,12 ,201712 ,25 ,월,2 ,18 ,55 ,18 ,1 ,0 ,0 ,1 ,0 ,0 ,516,ko,276,https://twitter.com/wonsoonpark/status/945231469538000896
wonsoonpark,96,2017-12-26 14:34,2017-12-26,,2017 ,12 ,201712 ,26 ,화,3 ,23 ,34 ,30 ,1 ,1 ,0 ,1 ,0 ,0 ,296,ko,130,https://twitter.com/wonsoonpark/status/945664118127603712
wonsoonpark,97,2018-01-01 1:46,2018-01-01,97 ,2018 ,1 ,201801 ,1 ,월,2 ,10 ,46 ,38 ,1 ,0 ,0 ,1 ,0 ,0 ,975,ko,612,https://twitter.com/wonsoonpark/status/947645208837046272
wonsoonpark,98,2018-01-03 21:11,2018-01-04,,2018 ,1 ,201801 ,4 ,목,5 ,6 ,11 ,6 ,1 ,0 ,0 ,1 ,0 ,0 ,1098,ko,782,https://twitter.com/wonsoonpark/status/948663030409146368
wonsoonpark,99,2018-01-04 5:59,2018-01-04,,2018 ,1 ,201801 ,4 ,목,5 ,14 ,59 ,2 ,1 ,0 ,0 ,1 ,0 ,0 ,226,ko,87,https://twitter.com/wonsoonpark/status/948795890168356864
wonsoonpark,100,2018-01-09 0:19,2018-01-09,,2018 ,1 ,201801 ,9 ,화,3 ,9 ,19 ,6 ,1 ,0 ,0 ,1 ,0 ,0 ,867,ko,695,https://twitter.com/wonsoonpark/status/950522279980511232
wonsoonpark,101,2018-01-09 10:02,2018-01-09,,2018 ,1 ,201801 ,9 ,화,3 ,19 ,2 ,59 ,1 ,0 ,0 ,1 ,0 ,0 ,295,ko,156,https://twitter.com/wonsoonpark/status/950669219854610432
wonsoonpark,102,2018-01-12 1:15,2018-01-12,,2018 ,1 ,201801 ,12 ,금,6 ,10 ,15 ,12 ,0 ,0 ,1 ,0 ,0 ,0 ,1498,ko,903,https://twitter.com/wonsoonpark/status/951623565169770496
wonsoonpark,103,2018-01-12 13:34,2018-01-12,,2018 ,1 ,201801 ,12 ,금,6 ,22 ,34 ,41 ,1 ,0 ,0 ,1 ,0 ,0 ,963,ko,608,https://twitter.com/wonsoonpark/status/951809660692021248
wonsoonpark,104,2018-01-14 0:43,2018-01-14,,2018 ,1 ,201801 ,14 ,일,1 ,9 ,43 ,14 ,0 ,0 ,1 ,0 ,0 ,0 ,764,ko,438,https://twitter.com/wonsoonpark/status/952340293361139712
wonsoonpark,105,2018-01-14 8:25,2018-01-14,,2018 ,1 ,201801 ,14 ,일,1 ,17 ,25 ,36 ,0 ,0 ,0 ,1 ,0 ,0 ,1257,ko,1919,https://twitter.com/wonsoonpark/status/952456653634334721
wonsoonpark,106,2018-01-14 9:05,2018-01-14,,2018 ,1 ,201801 ,14 ,일,1 ,18 ,5 ,19 ,1 ,0 ,0 ,1 ,0 ,0 ,457,ko,299,https://twitter.com/wonsoonpark/status/952466648094527488
wonsoonpark,107,2018-01-15 23:22,2018-01-16,,2018 ,1 ,201801 ,16 ,화,3 ,8 ,22 ,0 ,1 ,0 ,0 ,1 ,0 ,0 ,618,ko,391,https://twitter.com/wonsoonpark/status/953044627530985472
wonsoonpark,108,2018-01-16 4:47,2018-01-16,,2018 ,1 ,201801 ,16 ,화,3 ,13 ,47 ,3 ,1 ,0 ,0 ,1 ,0 ,0 ,1040,ko,1107,https://twitter.com/wonsoonpark/status/953126428144427008
wonsoonpark,109,2018-01-16 7:57,2018-01-16,,2018 ,1 ,201801 ,16 ,화,3 ,16 ,57 ,10 ,1 ,0 ,1 ,0 ,0 ,0 ,182,ko,76,https://twitter.com/wonsoonpark/status/953174271219548161
wonsoonpark,110,2018-01-16 14:16,2018-01-16,,2018 ,1 ,201801 ,16 ,화,3 ,23 ,16 ,2 ,0 ,0 ,0 ,1 ,0 ,0 ,705,ko,348,https://twitter.com/wonsoonpark/status/953269616574308352
wonsoonpark,111,2018-01-17 12:54,2018-01-17,,2018 ,1 ,201801 ,17 ,수,4 ,21 ,54 ,11 ,1 ,0 ,0 ,1 ,0 ,0 ,834,ko,609,https://twitter.com/wonsoonpark/status/953611406779105283
wonsoonpark,112,2018-01-17 13:57,2018-01-17,,2018 ,1 ,201801 ,17 ,수,4 ,22 ,57 ,17 ,0 ,0 ,1 ,0 ,0 ,0 ,431,ko,187,https://twitter.com/wonsoonpark/status/953627287643070464
wonsoonpark,113,2018-01-18 15:49,2018-01-19,,2018 ,1 ,201801 ,19 ,금,6 ,12 ,49 ,16 ,1 ,0 ,0 ,1 ,0 ,0 ,1914,ko,1728,https://twitter.com/wonsoonpark/status/954017856538071041
wonsoonpark,114,2018-01-19 0:01,2018-01-19,,2018 ,1 ,201801 ,19 ,금,6 ,9 ,1 ,1 ,1 ,0 ,0 ,1 ,0 ,0 ,404,ko,272,https://twitter.com/wonsoonpark/status/954141611281149953
wonsoonpark,115,2018-01-19 20:47,2018-01-20,,2018 ,1 ,201801 ,20 ,토,7 ,5 ,47 ,42 ,0 ,0 ,0 ,1 ,0 ,0 ,818,ko,666,https://twitter.com/wonsoonpark/status/954455346558337024
wonsoonpark,116,2018-01-21 8:06,2018-01-21,,2018 ,1 ,201801 ,21 ,일,1 ,17 ,6 ,45 ,1 ,0 ,0 ,1 ,0 ,0 ,1446,ko,1067,https://twitter.com/wonsoonpark/status/954988622364647424
wonsoonpark,117,2018-01-21 13:10,2018-01-21,,2018 ,1 ,201801 ,21 ,일,1 ,22 ,10 ,41 ,1 ,0 ,0 ,1 ,0 ,0 ,897,ko,729,https://twitter.com/wonsoonpark/status/955065109549785090
wonsoonpark,118,2018-01-21 22:02,2018-01-22,,2018 ,1 ,201801 ,22 ,월,2 ,7 ,2 ,13 ,1 ,0 ,0 ,1 ,0 ,0 ,1144,ko,829,https://twitter.com/wonsoonpark/status/955198876390076416
wonsoonpark,119,2018-01-21 22:06,2018-01-22,,2018 ,1 ,201801 ,22 ,월,2 ,7 ,6 ,21 ,1 ,0 ,0 ,1 ,0 ,0 ,725,ko,609,https://twitter.com/wonsoonpark/status/955199915474354176
wonsoonpark,120,2018-01-22 2:50,2018-01-22,,2018 ,1 ,201801 ,22 ,월,2 ,11 ,50 ,7 ,1 ,0 ,0 ,1 ,0 ,0 ,1097,ko,849,https://twitter.com/wonsoonpark/status/955271328956731393
wonsoonpark,121,2018-01-22 9:06,2018-01-22,,2018 ,1 ,201801 ,22 ,월,2 ,18 ,6 ,1 ,0 ,1 ,0 ,1 ,0 ,0 ,951,ko,532,https://twitter.com/wonsoonpark/status/955365927477915649
wonsoonpark,122,2018-01-23 2:20,2018-01-23,,2018 ,1 ,201801 ,23 ,화,3 ,11 ,20 ,41 ,1 ,0 ,0 ,1 ,0 ,0 ,330,ko,131,https://twitter.com/wonsoonpark/status/955626309555707904
wonsoonpark,123,2018-01-24 4:15,2018-01-24,,2018 ,1 ,201801 ,24 ,수,4 ,13 ,15 ,13 ,0 ,0 ,0 ,1 ,0 ,0 ,1638,ko,977,https://twitter.com/wonsoonpark/status/956017521928364033
wonsoonpark,124,2018-01-26 5:17,2018-01-26,,2018 ,1 ,201801 ,26 ,금,6 ,14 ,17 ,27 ,1 ,0 ,0 ,1 ,0 ,0 ,571,ko,277,https://twitter.com/wonsoonpark/status/956757958817333248
wonsoonpark,125,2018-02-08 13:58,2018-02-08,125 ,2018 ,2 ,201802 ,8 ,목,5 ,22 ,58 ,1 ,1 ,0 ,0 ,1 ,0 ,0 ,710,ko,449,https://twitter.com/wonsoonpark/status/961600004354801664
wonsoonpark,126,2018-02-09 4:53,2018-02-09,,2018 ,2 ,201802 ,9 ,금,6 ,13 ,53 ,22 ,0 ,1 ,1 ,0 ,0 ,0 ,435,ko,198,https://twitter.com/wonsoonpark/status/961825328543891456
wonsoonpark,127,2018-02-09 11:50,2018-02-09,,2018 ,2 ,201802 ,9 ,금,6 ,20 ,50 ,38 ,0 ,0 ,1 ,0 ,0 ,0 ,1958,ko,1151,https://twitter.com/wonsoonpark/status/961930335373082625
wonsoonpark,128,2018-02-14 13:40,2018-02-14,,2018 ,2 ,201802 ,14 ,수,4 ,22 ,40 ,45 ,1 ,0 ,0 ,1 ,0 ,0 ,668,ko,219,https://twitter.com/wonsoonpark/status/963769986794766336
wonsoonpark,129,2018-02-16 7:00,2018-02-16,,2018 ,2 ,201802 ,16 ,금,6 ,16 ,0 ,40 ,0 ,0 ,1 ,0 ,0 ,0 ,958,ko,405,https://twitter.com/wonsoonpark/status/964394079629991939
wonsoonpark,130,2018-02-21 4:25,2018-02-21,,2018 ,2 ,201802 ,21 ,수,4 ,13 ,25 ,9 ,1 ,1 ,0 ,1 ,0 ,0 ,326,ko,106,https://twitter.com/wonsoonpark/status/966166880485498880
wonsoonpark,131,2018-03-01 14:42,2018-03-01,131 ,2018 ,3 ,201803 ,1 ,목,5 ,23 ,42 ,41 ,1 ,0 ,0 ,1 ,0 ,0 ,2798,ko,2969,https://twitter.com/wonsoonpark/status/969221392393633797
wonsoonpark,132,2018-03-03 1:12,2018-03-03,,2018 ,3 ,201803 ,3 ,토,7 ,10 ,12 ,7 ,0 ,0 ,1 ,0 ,0 ,0 ,371,ko,128,https://twitter.com/wonsoonpark/status/969742179416424449
wonsoonpark,133,2018-03-05 10:01,2018-03-05,,2018 ,3 ,201803 ,5 ,월,2 ,19 ,1 ,33 ,1 ,0 ,0 ,1 ,0 ,0 ,593,ko,276,https://twitter.com/wonsoonpark/status/970600194009063424
wonsoonpark,134,2018-03-09 5:33,2018-03-09,,2018 ,3 ,201803 ,9 ,금,6 ,14 ,33 ,14 ,1 ,1 ,0 ,1 ,0 ,0 ,996,ko,519,https://twitter.com/wonsoonpark/status/971982218540212224
wonsoonpark,135,2018-03-14 2:35,2018-03-14,,2018 ,3 ,201803 ,14 ,수,4 ,11 ,35 ,34 ,1 ,0 ,0 ,1 ,0 ,0 ,756,ko,480,https://twitter.com/wonsoonpark/status/973749449620180994
wonsoonpark,136,2018-03-14 11:35,2018-03-14,,2018 ,3 ,201803 ,14 ,수,4 ,20 ,35 ,3 ,0 ,0 ,1 ,0 ,0 ,0 ,1175,ko,442,https://twitter.com/wonsoonpark/status/973885213167120384
wonsoonpark,137,2018-03-19 10:27,2018-03-19,,2018 ,3 ,201803 ,19 ,월,2 ,19 ,27 ,18 ,1 ,0 ,0 ,1 ,0 ,0 ,603,ko,272,https://twitter.com/wonsoonpark/status/975680104910282753
wonsoonpark,138,2018-03-21 10:20,2018-03-21,,2018 ,3 ,201803 ,21 ,수,4 ,19 ,20 ,19 ,0 ,0 ,0 ,1 ,0 ,0 ,2324,ko,1789,https://twitter.com/wonsoonpark/status/976403122149998592
wonsoonpark,139,2018-03-23 9:10,2018-03-23,,2018 ,3 ,201803 ,23 ,금,6 ,18 ,10 ,12 ,1 ,0 ,0 ,1 ,0 ,0 ,726,ko,284,https://twitter.com/wonsoonpark/status/977110253522239488
wonsoonpark,140,2018-04-04 11:15,2018-04-04,140 ,2018 ,4 ,201804 ,4 ,수,4 ,20 ,15 ,38 ,1 ,1 ,0 ,1 ,0 ,0 ,262,ko,118,https://twitter.com/wonsoonpark/status/981490470797811712
wonsoonpark,141,2018-04-05 1:35,2018-04-05,,2018 ,4 ,201804 ,5 ,목,5 ,10 ,35 ,18 ,0 ,0 ,1 ,0 ,0 ,0 ,564,ko,252,https://twitter.com/wonsoonpark/status/981706813832773633
wonsoonpark,142,2018-04-16 14:17,2018-04-16,,2018 ,4 ,201804 ,16 ,월,2 ,23 ,17 ,45 ,0 ,1 ,1 ,0 ,0 ,0 ,898,ko,455,https://twitter.com/wonsoonpark/status/985884957036834816
wonsoonpark,143,2018-04-18 6:02,2018-04-18,,2018 ,4 ,201804 ,18 ,수,4 ,15 ,2 ,51 ,0 ,0 ,1 ,0 ,0 ,0 ,902,und,426,https://twitter.com/wonsoonpark/status/986485186853421057
wonsoonpark,144,2018-04-20 8:13,2018-04-20,,2018 ,4 ,201804 ,20 ,금,6 ,17 ,13 ,35 ,0 ,0 ,0 ,1 ,0 ,0 ,828,ko,394,https://twitter.com/wonsoonpark/status/987242863783104512
wonsoonpark,145,2018-04-20 12:57,2018-04-20,,2018 ,4 ,201804 ,20 ,금,6 ,21 ,57 ,55 ,1 ,0 ,0 ,1 ,0 ,0 ,1879,ko,1082,https://twitter.com/wonsoonpark/status/987314417783025665
wonsoonpark,146,2018-04-24 9:15,2018-04-24,,2018 ,4 ,201804 ,24 ,화,3 ,18 ,15 ,55 ,0 ,0 ,1 ,0 ,0 ,0 ,1667,ko,1147,https://twitter.com/wonsoonpark/status/988708102823268353
wonsoonpark,147,2018-04-26 14:10,2018-04-26,,2018 ,4 ,201804 ,26 ,목,5 ,23 ,10 ,52 ,1 ,0 ,0 ,1 ,0 ,0 ,1501,ko,908,https://twitter.com/wonsoonpark/status/989507105248886784
wonsoonpark,148,2018-04-27 22:17,2018-04-28,,2018 ,4 ,201804 ,28 ,토,7 ,7 ,17 ,12 ,0 ,0 ,1 ,0 ,0 ,0 ,968,ko,467,https://twitter.com/wonsoonpark/status/989991880778596352
wonsoonpark,149,2018-05-01 3:07,2018-05-01,149 ,2018 ,5 ,201805 ,1 ,화,3 ,24 ,7 ,5 ,1 ,0 ,0 ,1 ,0 ,0 ,823,ko,350,https://twitter.com/wonsoonpark/status/991151997171650561
wonsoonpark,150,2018-05-02 10:10,2018-05-02,,2018 ,5 ,201805 ,2 ,수,4 ,19 ,10 ,58 ,1 ,0 ,0 ,1 ,0 ,0 ,876,ko,389,https://twitter.com/wonsoonpark/status/991621058389098501
wonsoonpark,151,2018-05-05 1:05,2018-05-05,,2018 ,5 ,201805 ,5 ,토,7 ,10 ,5 ,37 ,1 ,0 ,0 ,1 ,0 ,0 ,844,ko,372,https://twitter.com/wonsoonpark/status/992570980907106304
wonsoonpark,152,2018-05-05 7:42,2018-05-05,,2018 ,5 ,201805 ,5 ,토,7 ,16 ,42 ,19 ,0 ,0 ,1 ,0 ,0 ,0 ,699,ko,278,https://twitter.com/wonsoonpark/status/992670812355280896
wonsoonpark,153,2018-05-08 8:19,2018-05-08,,2018 ,5 ,201805 ,8 ,화,3 ,17 ,19 ,22 ,0 ,0 ,1 ,0 ,0 ,0 ,842,ko,460,https://twitter.com/wonsoonpark/status/993767301047468032
wonsoonpark,154,2018-05-09 4:07,2018-05-09,,2018 ,5 ,201805 ,9 ,수,4 ,13 ,7 ,35 ,0 ,0 ,1 ,0 ,0 ,0 ,422,ko,188,https://twitter.com/wonsoonpark/status/994066324048490501
wonsoonpark,155,2018-05-10 1:30,2018-05-10,,2018 ,5 ,201805 ,10 ,목,5 ,10 ,30 ,35 ,0 ,0 ,1 ,0 ,0 ,0 ,1740,ko,974,https://twitter.com/wonsoonpark/status/994389204070154240
wonsoonpark,156,2018-05-14 8:53,2018-05-14,,2018 ,5 ,201805 ,14 ,월,2 ,17 ,53 ,18 ,0 ,0 ,1 ,0 ,0 ,0 ,4401,ko,2983,https://twitter.com/wonsoonpark/status/995950167864979456
wonsoonpark,157,2018-05-15 7:16,2018-05-15,,2018 ,5 ,201805 ,15 ,화,3 ,16 ,16 ,14 ,0 ,0 ,1 ,0 ,0 ,0 ,1338,ko,944,https://twitter.com/wonsoonpark/status/996288129941225472
wonsoonpark,158,2018-05-16 11:40,2018-05-16,,2018 ,5 ,201805 ,16 ,수,4 ,20 ,40 ,37 ,0 ,0 ,1 ,0 ,0 ,0 ,481,ko,270,https://twitter.com/wonsoonpark/status/996717049794580480
wonsoonpark,159,2018-05-17 6:52,2018-05-17,,2018 ,5 ,201805 ,17 ,목,5 ,15 ,52 ,36 ,0 ,0 ,1 ,0 ,0 ,0 ,984,ko,577,https://twitter.com/wonsoonpark/status/997006955095851008
wonsoonpark,160,2018-05-17 11:03,2018-05-17,,2018 ,5 ,201805 ,17 ,목,5 ,20 ,3 ,48 ,0 ,0 ,1 ,0 ,0 ,0 ,358,ko,218,https://twitter.com/wonsoonpark/status/997070170907598848
wonsoonpark,161,2018-05-18 0:41,2018-05-18,,2018 ,5 ,201805 ,18 ,금,6 ,9 ,41 ,48 ,0 ,0 ,0 ,1 ,0 ,0 ,1594,ko,1022,https://twitter.com/wonsoonpark/status/997276030887841792
wonsoonpark,162,2018-05-18 10:30,2018-05-18,,2018 ,5 ,201805 ,18 ,금,6 ,19 ,30 ,35 ,0 ,0 ,1 ,0 ,0 ,0 ,326,ko,177,https://twitter.com/wonsoonpark/status/997424200808726528
wonsoonpark,163,2018-05-18 17:09,2018-05-19,,2018 ,5 ,201805 ,19 ,토,7 ,2 ,9 ,58 ,0 ,0 ,1 ,0 ,0 ,0 ,457,ko,271,https://twitter.com/wonsoonpark/status/997524709221720064
wonsoonpark,164,2018-05-20 2:01,2018-05-20,,2018 ,5 ,201805 ,20 ,일,1 ,11 ,1 ,26 ,1 ,0 ,0 ,1 ,0 ,0 ,407,ko,168,https://twitter.com/wonsoonpark/status/998020843891343360
wonsoonpark,165,2018-05-20 3:31,2018-05-20,,2018 ,5 ,201805 ,20 ,일,1 ,24 ,31 ,0 ,0 ,0 ,1 ,0 ,0 ,0 ,328,ko,187,https://twitter.com/wonsoonpark/status/998043387554029568
wonsoonpark,166,2018-05-20 12:49,2018-05-20,,2018 ,5 ,201805 ,20 ,일,1 ,21 ,49 ,46 ,0 ,0 ,1 ,0 ,0 ,0 ,340,ko,210,https://twitter.com/wonsoonpark/status/998184003751432194
wonsoonpark,167,2018-05-21 8:04,2018-05-21,,2018 ,5 ,201805 ,21 ,월,2 ,17 ,4 ,54 ,0 ,0 ,1 ,0 ,0 ,0 ,681,ko,338,https://twitter.com/wonsoonpark/status/998474701142835200
wonsoonpark,168,2018-05-21 11:24,2018-05-21,,2018 ,5 ,201805 ,21 ,월,2 ,20 ,24 ,42 ,0 ,0 ,1 ,0 ,0 ,0 ,253,ko,134,https://twitter.com/wonsoonpark/status/998524984233312257
wonsoonpark,169,2018-05-22 4:32,2018-05-22,,2018 ,5 ,201805 ,22 ,화,3 ,13 ,32 ,34 ,0 ,0 ,1 ,0 ,0 ,0 ,771,ko,356,https://twitter.com/wonsoonpark/status/998783656100417536
wonsoonpark,170,2018-05-22 7:54,2018-05-22,,2018 ,5 ,201805 ,22 ,화,3 ,16 ,54 ,28 ,0 ,0 ,1 ,0 ,0 ,0 ,542,ko,390,https://twitter.com/wonsoonpark/status/998834465181847552
wonsoonpark,171,2018-05-23 2:06,2018-05-23,,2018 ,5 ,201805 ,23 ,수,4 ,11 ,6 ,46 ,0 ,0 ,1 ,0 ,0 ,0 ,1486,ko,976,https://twitter.com/wonsoonpark/status/999109350055559168
wonsoonpark,172,2018-05-23 12:23,2018-05-23,,2018 ,5 ,201805 ,23 ,수,4 ,21 ,23 ,20 ,0 ,0 ,1 ,0 ,0 ,0 ,292,ko,180,https://twitter.com/wonsoonpark/status/999264514204827648
wonsoonpark,173,2018-05-24 1:20,2018-05-24,,2018 ,5 ,201805 ,24 ,목,5 ,10 ,20 ,30 ,0 ,0 ,1 ,0 ,0 ,0 ,561,ko,320,https://twitter.com/wonsoonpark/status/999460096622051328
wonsoonpark,174,2018-05-24 2:02,2018-05-24,,2018 ,5 ,201805 ,24 ,목,5 ,11 ,2 ,1 ,0 ,0 ,1 ,0 ,0 ,0 ,1550,ko,1103,https://twitter.com/wonsoonpark/status/999470543836332034
wonsoonpark,175,2018-05-24 9:41,2018-05-24,,2018 ,5 ,201805 ,24 ,목,5 ,18 ,41 ,39 ,0 ,0 ,1 ,0 ,0 ,0 ,274,ko,178,https://twitter.com/wonsoonpark/status/999586212846321664
wonsoonpark,176,2018-05-24 10:16,2018-05-24,,2018 ,5 ,201805 ,24 ,목,5 ,19 ,16 ,46 ,0 ,0 ,1 ,0 ,0 ,0 ,280,ko,194,https://twitter.com/wonsoonpark/status/999595052799152128
wonsoonpark,177,2018-05-24 23:20,2018-05-25,,2018 ,5 ,201805 ,25 ,금,6 ,8 ,20 ,33 ,0 ,0 ,1 ,0 ,0 ,0 ,536,ko,348,https://twitter.com/wonsoonpark/status/999792296781537280
wonsoonpark,178,2018-05-25 7:14,2018-05-25,,2018 ,5 ,201805 ,25 ,금,6 ,16 ,14 ,5 ,0 ,0 ,0 ,1 ,0 ,0 ,2443,ko,1577,https://twitter.com/wonsoonpark/status/999911467208949760
wonsoonpark,179,2018-05-26 2:02,2018-05-26,,2018 ,5 ,201805 ,26 ,토,7 ,11 ,2 ,46 ,0 ,0 ,1 ,0 ,0 ,0 ,299,ko,162,https://twitter.com/wonsoonpark/status/1000195506348244993
wonsoonpark,180,2018-05-26 3:18,2018-05-26,,2018 ,5 ,201805 ,26 ,토,7 ,24 ,18 ,43 ,0 ,0 ,1 ,0 ,0 ,0 ,483,ko,215,https://twitter.com/wonsoonpark/status/1000214619426713605
wonsoonpark,181,2018-05-26 9:49,2018-05-26,,2018 ,5 ,201805 ,26 ,토,7 ,18 ,49 ,52 ,0 ,0 ,1 ,0 ,0 ,0 ,1058,ko,614,https://twitter.com/wonsoonpark/status/1000313058797928448
wonsoonpark,182,2018-05-26 11:00,2018-05-26,,2018 ,5 ,201805 ,26 ,토,7 ,20 ,0 ,49 ,0 ,0 ,1 ,0 ,0 ,0 ,278,ko,147,https://twitter.com/wonsoonpark/status/1000330912008040448
wonsoonpark,183,2018-05-27 10:46,2018-05-27,,2018 ,5 ,201805 ,27 ,일,1 ,19 ,46 ,46 ,0 ,0 ,1 ,0 ,0 ,0 ,989,ko,685,https://twitter.com/wonsoonpark/status/1000689766147309568
wonsoonpark,184,2018-05-27 10:47,2018-05-27,,2018 ,5 ,201805 ,27 ,일,1 ,19 ,47 ,55 ,0 ,0 ,1 ,0 ,0 ,0 ,313,ko,188,https://twitter.com/wonsoonpark/status/1000690053020962816
wonsoonpark,185,2018-05-29 2:44,2018-05-29,,2018 ,5 ,201805 ,29 ,화,3 ,11 ,44 ,17 ,0 ,0 ,1 ,0 ,0 ,0 ,351,ko,190,https://twitter.com/wonsoonpark/status/1001293121072721920
wonsoonpark,186,2018-05-29 13:08,2018-05-29,,2018 ,5 ,201805 ,29 ,화,3 ,22 ,8 ,55 ,0 ,0 ,1 ,0 ,0 ,0 ,312,ko,178,https://twitter.com/wonsoonpark/status/1001450313377705984
wonsoonpark,187,2018-05-29 20:48,2018-05-30,,2018 ,5 ,201805 ,30 ,수,4 ,5 ,48 ,32 ,1 ,0 ,0 ,1 ,0 ,0 ,748,ko,608,https://twitter.com/wonsoonpark/status/1001565978516312064
wonsoonpark,188,2018-05-30 1:01,2018-05-30,,2018 ,5 ,201805 ,30 ,수,4 ,10 ,1 ,37 ,0 ,0 ,1 ,0 ,0 ,0 ,569,ko,307,https://twitter.com/wonsoonpark/status/1001629669504962560
wonsoonpark,189,2018-05-30 11:12,2018-05-30,,2018 ,5 ,201805 ,30 ,수,4 ,20 ,12 ,50 ,0 ,0 ,1 ,0 ,0 ,0 ,408,ko,269,https://twitter.com/wonsoonpark/status/1001783486619963394
wonsoonpark,190,2018-05-30 12:34,2018-05-30,,2018 ,5 ,201805 ,30 ,수,4 ,21 ,34 ,33 ,0 ,0 ,1 ,0 ,0 ,0 ,549,ko,428,https://twitter.com/wonsoonpark/status/1001804051204358146
wonsoonpark,191,2018-05-30 16:09,2018-05-31,,2018 ,5 ,201805 ,31 ,목,5 ,1 ,9 ,46 ,0 ,0 ,1 ,0 ,0 ,0 ,1389,ko,845,https://twitter.com/wonsoonpark/status/1001858216043593729
wonsoonpark,192,2018-05-31 3:32,2018-05-31,,2018 ,5 ,201805 ,31 ,목,5 ,24 ,32 ,6 ,1 ,0 ,0 ,1 ,0 ,0 ,395,ko,228,https://twitter.com/wonsoonpark/status/1002029929272246278
wonsoonpark,193,2018-05-31 6:38,2018-05-31,,2018 ,5 ,201805 ,31 ,목,5 ,15 ,38 ,58 ,0 ,0 ,1 ,0 ,0 ,0 ,379,ko,227,https://twitter.com/wonsoonpark/status/1002076955980660736
wonsoonpark,194,2018-05-31 9:09,2018-05-31,,2018 ,5 ,201805 ,31 ,목,5 ,18 ,9 ,18 ,1 ,0 ,0 ,1 ,0 ,0 ,562,ko,401,https://twitter.com/wonsoonpark/status/1002114789571612672
wonsoonpark,195,2018-05-31 9:41,2018-05-31,,2018 ,5 ,201805 ,31 ,목,5 ,18 ,41 ,40 ,0 ,0 ,0 ,1 ,0 ,0 ,300,ko,147,https://twitter.com/wonsoonpark/status/1002122931651014657
wonsoonpark,196,2018-05-31 13:33,2018-05-31,,2018 ,5 ,201805 ,31 ,목,5 ,22 ,33 ,26 ,0 ,0 ,1 ,0 ,0 ,0 ,304,ko,193,https://twitter.com/wonsoonpark/status/1002181260238733312
wonsoonpark,197,2018-06-01 0:39,2018-06-01,197 ,2018 ,6 ,201806 ,1 ,금,6 ,9 ,39 ,41 ,0 ,0 ,1 ,0 ,0 ,0 ,362,ko,278,https://twitter.com/wonsoonpark/status/1002348924529590272
wonsoonpark,198,2018-06-01 5:31,2018-06-01,,2018 ,6 ,201806 ,1 ,금,6 ,14 ,31 ,24 ,0 ,0 ,1 ,0 ,0 ,0 ,599,ko,457,https://twitter.com/wonsoonpark/status/1002422340460769280
wonsoonpark,199,2018-06-01 6:17,2018-06-01,,2018 ,6 ,201806 ,1 ,금,6 ,15 ,17 ,52 ,0 ,0 ,1 ,0 ,0 ,0 ,369,ko,203,https://twitter.com/wonsoonpark/status/1002434031965782016
wonsoonpark,200,2018-06-01 6:45,2018-06-01,,2018 ,6 ,201806 ,1 ,금,6 ,15 ,45 ,20 ,1 ,0 ,1 ,0 ,0 ,0 ,204,ko,110,https://twitter.com/wonsoonpark/status/1002440944598126592
wonsoonpark,201,2018-06-01 14:07,2018-06-01,,2018 ,6 ,201806 ,1 ,금,6 ,23 ,7 ,36 ,0 ,0 ,1 ,0 ,0 ,0 ,338,ko,229,https://twitter.com/wonsoonpark/status/1002552244925939713
wonsoonpark,202,2018-06-02 0:57,2018-06-02,,2018 ,6 ,201806 ,2 ,토,7 ,9 ,57 ,37 ,0 ,0 ,1 ,0 ,0 ,0 ,438,ko,301,https://twitter.com/wonsoonpark/status/1002715827605368832
wonsoonpark,203,2018-06-02 12:35,2018-06-02,,2018 ,6 ,201806 ,2 ,토,7 ,21 ,35 ,48 ,0 ,1 ,1 ,0 ,0 ,0 ,693,ko,447,https://twitter.com/wonsoonpark/status/1002891533073330176
wonsoonpark,204,2018-06-02 13:14,2018-06-02,,2018 ,6 ,201806 ,2 ,토,7 ,22 ,14 ,15 ,0 ,0 ,1 ,0 ,0 ,0 ,357,ko,266,https://twitter.com/wonsoonpark/status/1002901209185808384
wonsoonpark,205,2018-06-03 1:27,2018-06-03,,2018 ,6 ,201806 ,3 ,일,1 ,10 ,27 ,18 ,0 ,0 ,1 ,0 ,0 ,0 ,292,ko,155,https://twitter.com/wonsoonpark/status/1003085685627080704
wonsoonpark,206,2018-06-03 6:30,2018-06-03,,2018 ,6 ,201806 ,3 ,일,1 ,15 ,30 ,19 ,0 ,0 ,1 ,0 ,0 ,0 ,343,ko,221,https://twitter.com/wonsoonpark/status/1003161943165710336
wonsoonpark,207,2018-06-03 9:20,2018-06-03,,2018 ,6 ,201806 ,3 ,일,1 ,18 ,20 ,9 ,0 ,0 ,1 ,0 ,0 ,0 ,316,ko,207,https://twitter.com/wonsoonpark/status/1003204681496055809
wonsoonpark,208,2018-06-03 12:37,2018-06-03,,2018 ,6 ,201806 ,3 ,일,1 ,21 ,37 ,24 ,0 ,0 ,1 ,0 ,0 ,0 ,404,ko,289,https://twitter.com/wonsoonpark/status/1003254320760905728
wonsoonpark,209,2018-06-04 2:33,2018-06-04,,2018 ,6 ,201806 ,4 ,월,2 ,11 ,33 ,42 ,0 ,0 ,1 ,0 ,0 ,0 ,561,ko,424,https://twitter.com/wonsoonpark/status/1003464781427195904
wonsoonpark,210,2018-06-04 12:44,2018-06-04,,2018 ,6 ,201806 ,4 ,월,2 ,21 ,44 ,22 ,0 ,0 ,1 ,0 ,0 ,0 ,356,ko,224,https://twitter.com/wonsoonpark/status/1003618464488030208
wonsoonpark,211,2018-06-05 0:21,2018-06-05,,2018 ,6 ,201806 ,5 ,화,3 ,9 ,21 ,48 ,0 ,1 ,1 ,0 ,0 ,0 ,622,ko,528,https://twitter.com/wonsoonpark/status/1003793977189888001
wonsoonpark,212,2018-06-05 10:08,2018-06-05,,2018 ,6 ,201806 ,5 ,화,3 ,19 ,8 ,10 ,1 ,1 ,1 ,0 ,0 ,0 ,676,ko,474,https://twitter.com/wonsoonpark/status/1003941541189074945
wonsoonpark,213,2018-06-05 14:10,2018-06-05,,2018 ,6 ,201806 ,5 ,화,3 ,23 ,10 ,26 ,0 ,0 ,1 ,0 ,0 ,0 ,346,ko,234,https://twitter.com/wonsoonpark/status/1004002511332655104
wonsoonpark,214,2018-06-06 2:07,2018-06-06,,2018 ,6 ,201806 ,6 ,수,4 ,11 ,7 ,53 ,1 ,0 ,0 ,1 ,0 ,0 ,672,ko,375,https://twitter.com/wonsoonpark/status/1004183064170278912
wonsoonpark,215,2018-06-06 13:42,2018-06-06,,2018 ,6 ,201806 ,6 ,수,4 ,22 ,42 ,59 ,0 ,0 ,1 ,0 ,0 ,0 ,365,ko,225,https://twitter.com/wonsoonpark/status/1004357991137566720
wonsoonpark,216,2018-06-07 8:00,2018-06-07,,2018 ,6 ,201806 ,7 ,목,5 ,17 ,0 ,0 ,0 ,0 ,1 ,0 ,0 ,0 ,301,ko,183,https://twitter.com/wonsoonpark/status/1004634064647835649
wonsoonpark,217,2018-06-07 16:07,2018-06-08,,2018 ,6 ,201806 ,8 ,금,6 ,1 ,7 ,33 ,0 ,0 ,1 ,0 ,0 ,0 ,318,ko,186,https://twitter.com/wonsoonpark/status/1004756759276236801
wonsoonpark,218,2018-06-08 0:48,2018-06-08,,2018 ,6 ,201806 ,8 ,금,6 ,9 ,48 ,41 ,0 ,1 ,1 ,0 ,0 ,0 ,587,ko,359,https://twitter.com/wonsoonpark/status/1004887906429702144
wonsoonpark,219,2018-06-08 8:22,2018-06-08,,2018 ,6 ,201806 ,8 ,금,6 ,17 ,22 ,9 ,0 ,0 ,1 ,0 ,0 ,0 ,212,ko,137,https://twitter.com/wonsoonpark/status/1005002023849189376
wonsoonpark,220,2018-06-08 12:42,2018-06-08,,2018 ,6 ,201806 ,8 ,금,6 ,21 ,42 ,11 ,0 ,0 ,1 ,0 ,0 ,0 ,245,ko,162,https://twitter.com/wonsoonpark/status/1005067465838157824
